{
  "n_cells": 5448,
  "coarse_counts": {
    "0": 3082,
    "3": 1060,
    "1": 530,
    "5": 383,
    "4": 348,
    "6": 30,
    "2": 15
  },
  "fine_counts": {
    "0": 1306,
    "3": 864,
    "1": 719,
    "6": 675,
    "8": 525,
    "7": 384,
    "2": 348,
    "5": 285,
    "10": 241,
    "11": 56,
    "9": 30,
    "4": 15
  },
  "coarse_marker_means": {
    "0": {
      "T_CD3": 0.862492561340332,
      "CD4T": 1.3586989045143127,
      "CD8T": 0.20129816234111786,
      "NK": 0.17668758084376654,
      "B": 0.011727813010414442,
      "Mono_classical": 0.008996842778287828,
      "Mono_nonclassical": 0.01307709515094757,
      "DC": 0.013836170837748796,
      "Platelet": 0.0,
      "g:CD14": 0.0035727727226912975,
      "g:FCN1": 0.007990584708750248,
      "g:S100A8": 0.006243935786187649,
      "g:LYZ": 0.018180077895522118,
      "g:FCGR3A": 0.02544880285859108,
      "g:MS4A7": 0.0007053874433040619,
      "g:CD3D": 0.8547666072845459,
      "g:CD4": 0.4850507974624634,
      "g:IL7R": 2.232347011566162,
      "g:CD8A": 0.2733435034751892,
      "g:CD8B": 0.1292528212070465,
      "g:MS4A1": 0.00930332113057375,
      "g:GNLY": 0.08335120975971222,
      "g:NKG7": 0.3362482488155365,
      "_n": 3082
    },
    "1": {
      "T_CD3": 1.035594880580902,
      "CD4T": 1.2402074108831584,
      "CD8T": 1.177929699420929,
      "NK": 0.02055119660993417,
      "B": 0.02751812804490328,
      "Mono_classical": 0.006846372154541314,
      "Mono_nonclassical": 0.0005121357971802354,
      "DC": 0.010519552044570446,
      "Platelet": 0.0,
      "g:CD14": 0.0030390657484531403,
      "g:FCN1": 0.004350178875029087,
      "g:S100A8": 0.00624192925170064,
      "g:LYZ": 0.013754314742982388,
      "g:FCGR3A": 0.0010242715943604708,
      "g:MS4A7": 0.0,
      "g:CD3D": 0.9878580570220947,
      "g:CD4": 0.006205274723470211,
      "g:IL7R": 2.4742095470428467,
      "g:CD8A": 1.0725194215774536,
      "g:CD8B": 1.2833399772644043,
      "g:MS4A1": 0.0,
      "g:GNLY": 0.015220576897263527,
      "g:NKG7": 0.039922334253787994,
      "_n": 530
    },
    "2": {
      "T_CD3": 0.0,
      "CD4T": 0.25912007689476013,
      "CD8T": 0.0,
      "NK": 0.04675697783629099,
      "B": 0.0,
      "Mono_classical": 0.06089103315025568,
      "Mono_nonclassical": 0.0,
      "DC": 0.8936155438423157,
      "Platelet": 5.1282267570495605,
      "g:CD14": 0.03770924732089043,
      "g:FCN1": 0.0,
      "g:S100A8": 0.09466090053319931,
      "g:LYZ": 0.11119398474693298,
      "g:FCGR3A": 0.0,
      "g:MS4A7": 0.0,
      "g:CD3D": 0.0,
      "g:CD4": 0.0,
      "g:IL7R": 0.5182401537895203,
      "g:CD8A": 0.0,
      "g:CD8B": 0.0,
      "g:MS4A1": 0.0,
      "g:GNLY": 0.0,
      "g:NKG7": 0.14027093350887299,
      "_n": 15
    },
    "3": {
      "T_CD3": 0.00468096393160522,
      "CD4T": 0.271781116258353,
      "CD8T": 0.0027835164219141006,
      "NK": 0.08525714961191018,
      "B": 0.032473375710348286,
      "Mono_classical": 1.6964880228042603,
      "Mono_nonclassical": 0.32447728514671326,
      "DC": 1.380300361663103,
      "Platelet": 0.005815571639686823,
      "g:CD14": 0.6481113433837891,
      "g:FCN1": 1.7997792959213257,
      "g:S100A8": 1.4599555730819702,
      "g:LYZ": 2.878105878829956,
      "g:FCGR3A": 0.39312008023262024,
      "g:MS4A7": 0.2558344900608063,
      "g:CD3D": 0.0085002975538373,
      "g:CD4": 0.528106689453125,
      "g:IL7R": 0.01545554306358099,
      "g:CD8A": 0.005567032843828201,
      "g:CD8B": 0.0,
      "g:MS4A1": 0.0024880715645849705,
      "g:GNLY": 0.028459711000323296,
      "g:NKG7": 0.123562291264534,
      "_n": 1060
    },
    "4": {
      "T_CD3": 0.011581058148294687,
      "CD4T": 0.021224404452368617,
      "CD8T": 0.0050106956623494625,
      "NK": 0.016681823258598644,
      "B": 1.5557689269383748,
      "Mono_classical": 0.00860783556709066,
      "Mono_nonclassical": 0.013932086760178208,
      "DC": 0.01350560411810875,
      "Platelet": 0.0023431049194186926,
      "g:CD14": 0.0017091056797653437,
      "g:FCN1": 0.018471624702215195,
      "g:S100A8": 0.006219449453055859,
      "g:LYZ": 0.008031162433326244,
      "g:FCGR3A": 0.0027913213707506657,
      "g:MS4A7": 0.02507285214960575,
      "g:CD3D": 0.01777309738099575,
      "g:CD4": 0.004158189054578543,
      "g:IL7R": 0.03829061985015869,
      "g:CD8A": 0.0062340074218809605,
      "g:CD8B": 0.0037873839028179646,
      "g:MS4A1": 2.26965594291687,
      "g:GNLY": 0.014750349335372448,
      "g:NKG7": 0.03155700862407684,
      "_n": 348
    },
    "5": {
      "T_CD3": 0.16879027461012205,
      "CD4T": 0.0724275829270482,
      "CD8T": 0.16088196425698698,
      "NK": 2.5121577978134155,
      "B": 0.01947765952597062,
      "Mono_classical": 0.005308192019583657,
      "Mono_nonclassical": 0.4268741669366136,
      "DC": 0.038371745496988297,
      "Platelet": 0.0,
      "g:CD14": 0.0015113878762349486,
      "g:FCN1": 0.005698875058442354,
      "g:S100A8": 0.002393030794337392,
      "g:LYZ": 0.011629474349319935,
      "g:FCGR3A": 0.8516502380371094,
      "g:MS4A7": 0.0020980958361178637,
      "g:CD3D": 0.016881143674254417,
      "g:CD4": 0.006098264828324318,
      "g:IL7R": 0.1387569010257721,
      "g:CD8A": 0.31965312361717224,
      "g:CD8B": 0.00211080489680171,
      "g:MS4A1": 0.0055193714797496796,
      "g:GNLY": 3.25180721282959,
      "g:NKG7": 2.5836262702941895,
      "_n": 383
    },
    "6": {
      "T_CD3": 0.009794715791940689,
      "CD4T": 0.45014724414795637,
      "CD8T": 0.03165571019053459,
      "NK": 0.01638367089132468,
      "B": 0.007403813923398654,
      "Mono_classical": 0.0035547830630093813,
      "Mono_nonclassical": 0.0,
      "DC": 0.8651284240186214,
      "Platelet": 0.0,
      "g:CD14": 0.0,
      "g:FCN1": 0.014219132252037525,
      "g:S100A8": 0.0,
      "g:LYZ": 0.0,
      "g:FCGR3A": 0.0,
      "g:MS4A7": 0.0,
      "g:CD3D": 0.0,
      "g:CD4": 0.8809979557991028,
      "g:IL7R": 0.01929653249680996,
      "g:CD8A": 0.06331142038106918,
      "g:CD8B": 0.0,
      "g:MS4A1": 0.0,
      "g:GNLY": 0.033739663660526276,
      "g:NKG7": 0.0,
      "_n": 30
    }
  },
  "fine_marker_means": {
    "0": {
      "T_CD3": 0.7904865145683289,
      "CD4T": 1.5444835126399994,
      "CD8T": 0.020762527361512184,
      "NK": 0.03230327367782593,
      "B": 0.011685236978034178,
      "Mono_classical": 0.010145414038561285,
      "Mono_nonclassical": 0.0006575022853212431,
      "DC": 0.014320767018944025,
      "Platelet": 0.0,
      "g:CD14": 0.004548670258373022,
      "g:FCN1": 0.00788943748921156,
      "g:S100A8": 0.006734094582498074,
      "g:LYZ": 0.021409453824162483,
      "g:FCGR3A": 0.0009546643123030663,
      "g:MS4A7": 0.00036034025833941996,
      "g:CD3D": 0.791569709777832,
      "g:CD4": 0.5674895644187927,
      "g:IL7R": 2.521477460861206,
      "g:CD8A": 0.024295201525092125,
      "g:CD8B": 0.017229853197932243,
      "g:MS4A1": 0.010081881657242775,
      "g:GNLY": 0.023607000708580017,
      "g:NKG7": 0.03305649757385254,
      "_n": 1306
    },
    "1": {
      "T_CD3": 0.004601707953649263,
      "CD4T": 0.24696367885917425,
      "CD8T": 0.001633800333365798,
      "NK": 0.07259086767832439,
      "B": 0.0026238443485150733,
      "Mono_classical": 2.1212784498929977,
      "Mono_nonclassical": 0.0672666896134615,
      "DC": 1.315047962591052,
      "Platelet": 0.007702519651502371,
      "g:CD14": 0.8952249884605408,
      "g:FCN1": 2.052241563796997,
      "g:S100A8": 2.054008722305298,
      "g:LYZ": 3.4836385250091553,
      "g:FCGR3A": 0.022650685161352158,
      "g:MS4A7": 0.11188269406557083,
      "g:CD3D": 0.009152648970484734,
      "g:CD4": 0.48269563913345337,
      "g:IL7R": 0.011231718584895134,
      "g:CD8A": 0.003267600666731596,
      "g:CD8B": 0.0,
      "g:MS4A1": 0.0009225958492606878,
      "g:GNLY": 0.03213541954755783,
      "g:NKG7": 0.06780838966369629,
      "_n": 719
    },
    "2": {
      "T_CD3": 0.011581058148294687,